"employeeId","firstName","lastName","email"
"e3282a22-5d41-42de-b02a-9a0caa05639f","Pika","Chu","pika@gmail.com"
"1","Ewers","Chute","pika@gmail.com"
"4","Retort","Ewrewr","ayechan@gmail.com"
"3","Re","Wqewr","pika@gmail.com"
"2e209995-44c9-4e53-ac1e-dfe84c70379e","AK","Chan","ayechan@gmail.com"
"2e209995-44c9-4e53-ac1e-dfe84c70379q","KK","Chan","ayechan@gmail.com"
"E3282a22-5d41-42de-b02a-9a0caa05639s","Polo","Chu","pika@gmail.com"
"E3282a22-5d41-42de-b02a-9a0caa05639m","Oo","Chu","pika@gmail.com"
"2","Ear","Change","ayechan@gmail.com"
"2e209995-44c9-4e53-ac1e-dfe84c70379c","Aye","Chan","ayechan@gmail.com"
